{
  "average_soft": [
    0.08485797792673111,
    -0.3652673363685608,
    0.0,
    -0.10526315867900848,
    0.05263157933950424,
    -0.05263157933950424,
    0.17181135714054108,
    -0.16017316281795502
  ],
  "closest_archetype": 138,
  "closest_archetype_name": "LOGOS_ME_NORTH_SPRING",
  "num_chunks": 19,
  "all_soft_vectors": [
    [
      -0.0476190485060215,
      -0.0476190485060215,
      0.0,
      0.0,
      0.0,
      0.0,
      -0.1428571492433548,
      0.0476190485060215
    ],
    [
      1.0,
      -1.0,
      0.0,
      0.0,
      0.0,
      0.0,
      1.0,
      -1.0
    ],
    [
      -0.3333333432674408,
      -1.0,
      0.0,
      0.0,
      -1.0,
      -1.0,
      1.0,
      -1.0
    ],
    [
      0.20000000298023224,
      -1.0,
      1.0,
      -1.0,
      1.0,
      -1.0,
      0.0,
      0.0
    ],
    [
      0.6000000238418579,
      0.4000000059604645,
      0.0,
      0.0,
      0.0,
      0.0,
      1.0,
      1.0
    ],
    [
      0.6000000238418579,
      0.0,
      1.0,
      1.0,
      1.0,
      1.0,
      1.0,
      1.0
    ],
    [
      0.4285714328289032,
      0.0,
      1.0,
      1.0,
      1.0,
      1.0,
      1.0,
      1.0
    ],
    [
      -0.20000000298023224,
      0.6000000238418579,
      -1.0,
      1.0,
      -1.0,
      1.0,
      -1.0,
      1.0
    ],
    [
      -0.20000000298023224,
      0.3333333432674408,
      0.0,
      0.0,
      0.0,
      0.0,
      -1.0,
      1.0
    ],
    [
      -0.20000000298023224,
      0.6000000238418579,
      -1.0,
      1.0,
      -1.0,
      1.0,
      -1.0,
      1.0
    ],
    [
      -0.8571428656578064,
      -1.0,
      -1.0,
      -1.0,
      0.0,
      0.0,
      -1.0,
      -1.0
    ],
    [
      0.20000000298023224,
      -0.20000000298023224,
      -1.0,
      -1.0,
      0.0,
      0.0,
      0.09090909361839294,
      -1.0
    ],
    [
      -0.46666666865348816,
      -0.6000000238418579,
      -1.0,
      -1.0,
      -1.0,
      -1.0,
      -1.0,
      -1.0
    ],
    [
      1.0,
      -1.0,
      0.0,
      0.0,
      0.0,
      0.0,
      1.0,
      -1.0
    ],
    [
      0.20000000298023224,
      -1.0,
      1.0,
      -1.0,
      1.0,
      -1.0,
      1.0,
      -1.0
    ],
    [
      -0.1428571492433548,
      -1.0,
      1.0,
      -1.0,
      1.0,
      -1.0,
      0.6800000071525574,
      -1.0
    ],
    [
      -0.375,
      -0.375,
      0.0,
      0.0,
      0.0,
      0.0,
      0.0,
      -1.0
    ],
    [
      0.4285714328289032,
      -0.4285714328289032,
      0.0,
      0.0,
      0.0,
      0.0,
      0.0,
      0.0
    ],
    [
      -0.2222222238779068,
      -0.2222222238779068,
      0.0,
      0.0,
      0.0,
      0.0,
      0.6363636255264282,
      -0.09090909361839294
    ]
  ]
}